Dominio,IP,Número de subdominios
hyundai.gl,185.26.107.43,1
hyundai.mx,52.52.87.236,2
hyundai.xn--vuq861b,45.120.243.27,1
hyundai.com.mk,195.26.154.41,1
hyundai.co.me,157.90.177.248,2
hyundai.uy,54.233.64.15,1
hyundai.jo,34.73.53.83,1
hyundai.pro,86.105.245.69,1
hyundai.mu,96.125.174.107,7
hyundai.al,157.90.177.248,7
hyundai.com.lb,80.77.182.18,2
hyundai.com.bo,192.185.142.131,9
hyundai.cl,45.191.0.15,14
hyundai.md,217.26.150.21,1
hyundai.co.ke,197.248.5.15,6
hyundai.dn.ua,77.87.194.209,3
hyundai.co.rs,157.90.177.248,5
hyundai.rybnik.pl,185.253.212.22,5
hyundai.co.id,119.18.153.10,6
hyundai.sc,192.185.119.229,10
hyundai.is,188.114.97.12,2
hyundai.paris,213.186.33.5,1
hyundai.cards,104.21.5.221,2
hyundai.today,34.102.136.180,1
hyundai.nyc,15.197.142.173,1
hyundai.sg,15.197.142.173,1
hyundai.com.do,188.114.97.12,4
hyundai.zt.ua,77.87.194.209,2
hyundai.nc,202.22.156.230,1
hyundai.com.br,54.207.16.157,2
hyundai.club,3.64.163.50,2
hyundai.shop,3.64.163.50,2
hyundai.express,34.102.136.180,1
hyundai.saarland,93.190.235.135,1
hyundai.family,34.102.136.180,1
hyundai.email,15.197.142.173,1
hyundai.com.gt,184.171.244.38,13
hyundai.digital,3.64.163.50,1
hyundai.sucks,3.96.23.237,1
hyundai.sn,195.23.106.22,2
hyundai.ge,45.77.143.78,17
hyundai.space,115.68.168.155,1
hyundai.mk,35.156.206.232,1
hyundai.com.my,103.217.93.104,2
hyundai.co.il,212.117.156.53,1
hyundai.rs,157.90.177.248,10
hyundai.com.pl,136.243.9.171,1
hyundai.ba,109.205.33.215,6
hyundai.lat,192.254.186.58,2
hyundai.com.mx,161.47.123.220,8
hyundai.lt,185.26.50.248,1
hyundai.od.ua,185.129.100.113,2
hyundai.gd,35.208.40.150,1
hyundai.my,185.93.165.224,1
hyundai.xn--c1adyegfjnn.xn--p1ai,87.236.16.173,1
hyundai.services,194.233.195.129,1
hyundai.hn,184.95.35.250,5
hyundai.repair,13.248.216.40,1
hyundai.fan,34.102.136.180,1
hyundai.center,3.64.163.50,2
hyundai.design,192.64.119.142,1
hyundai.bydgoszcz.pl,193.239.44.106,2
hyundai.zp.ua,5.39.10.93,1
hyundai.ga,72.47.224.128,3
hyundai.lubin.pl,176.9.24.233,1
hyundai.agency,3.64.163.50,2
hyundai.ci,72.47.224.128,4
hyundai.dz,128.65.195.22,1
hyundai.direct,34.102.136.180,1
hyundai.nu,77.111.240.191,1
hyundai.training,34.102.136.180,1
hyundai.app,160.153.136.3,1
hyundai.support,15.197.142.173,1
hyundai.media,109.234.161.51,5
hyundai.lk,108.179.230.177,2
hyundai.kharkov.ua,5.39.10.93,1
hyundai.finance,34.102.136.180,1
hyundai.one,194.85.61.76,2
hyundai.live,3.64.163.50,2
hyundai.mobi,15.197.142.173,1
hyundai.mn,162.215.226.6,1
hyundai.video,34.102.136.180,1
hyundai.swiss,217.26.48.101,1
hyundai.global,52.33.207.7,1
hyundai.te.ua,31.131.18.219,1
hyundai.com.ua,77.87.194.209,93
hyundai.com.sg,52.84.66.114,5
hyundai.tv,217.70.184.38,1
hyundai.sa,67.225.137.88,1
hyundai.solar,34.102.136.180,1
hyundai.donetsk.ua,5.39.10.93,1
hyundai.com.qa,35.156.1.172,2
hyundai.ng,185.53.178.51,2
hyundai.website,172.67.149.15,2
hyundai.com.tn,91.121.211.88,3
hyundai.kiev.ua,185.68.16.208,2
hyundai.com.py,209.182.194.192,21
hyundai.org,185.106.9.109,2
hyundai.es,81.46.218.226,12
hyundai.tech,96.45.83.127,4
hyundai.com.mt,162.159.135.42,4
hyundai.kalisz.pl,185.253.212.22,1
hyundai.com.pe,209.133.220.190,1
hyundai.group,3.64.163.50,2
hyundai.com.gh,198.54.114.189,2
hyundai.nz,210.55.30.67,1
hyundai.us,74.217.253.90,1
hyundai.uk,54.246.4.9,2
hyundai.asia,44.227.76.166,2
hyundai.wien,212.69.172.13,2
hyundai.ke,195.23.106.22,3
hyundai.news,185.106.8.53,3
hyundai.pila.pl,85.128.134.225,2
hyundai.online,217.198.116.188,2
hyundai.co.at,80.120.17.23,1
hyundai.camera,188.68.252.54,1
hyundai.im,3.64.163.50,2
hyundai.com.pt,80.172.244.126,3
hyundai.in.ua,185.129.100.113,2
hyundai.la,52.20.84.62,2
hyundai.odessa.ua,77.87.194.209,3
hyundai.re,141.94.189.72,3
hyundai.taxi,217.160.0.35,1
hyundai.go.na,162.247.76.101,6
hyundai.dk,104.26.12.109,18
hyundai.motorcycles,3.64.163.50,2
hyundai.jetzt,136.243.163.130,3
hyundai.tj,188.225.32.172,2
hyundai.co.uk,194.233.195.129,27
hyundai.pl.ua,77.87.194.209,4
hyundai.solutions,222.231.60.44,1
hyundai.parts,185.68.16.143,3
hyundai.info.pl,185.253.212.22,4
hyundai.house,223.26.138.32,1
hyundai.vn.ua,77.87.194.209,2
hyundai.jp,154.208.15.46,1
hyundai.org.ua,193.34.169.17,2
hyundai.ro,185.53.177.52,4
hyundai.moscow,37.140.192.245,2
hyundai.africa,64.190.63.111,3
hyundai.ks.ua,77.87.194.209,2
hyundai.at,213.33.80.104,4
hyundai.life,3.64.163.50,3
hyundai.co.zw,41.185.65.89,1
hyundai.lv,185.26.50.248,3
hyundai.gp,178.33.177.231,2
hyundai.tn,213.186.33.5,4
hyundai.co.tz,196.41.32.143,2
hyundai.com.tr,176.236.71.155,7
hyundai.pe,149.28.211.70,2
hyundai.click,81.19.154.98,2
hyundai.fi,185.26.50.248,4
hyundai.ps,172.104.234.236,22
hyundai.capetown,41.203.18.177,2
hyundai.durban,41.203.18.177,2
hyundai.joburg,41.203.18.177,2
hyundai.kg,176.126.166.118,2
hyundai.ly,168.119.209.43,7
hyundai.ar,169.47.28.55,1
hyundai.mg,83.166.130.211,1
hyundai.by,178.172.138.156,4
hyundai.tg,66.96.149.32,5
hyundai.co.mz,196.10.148.165,2
hyundai.eu,79.174.133.101,8
hyundai.id,199.59.243.200,7
hyundai.com.tw,118.232.136.108,2
hyundai.fr,51.159.7.139,33
hyundai.si,195.88.82.7,13
hyundai.bg,164.138.217.168,7
hyundai.info,202.31.187.154,1
hyundai.co.sz,85.10.213.137,3
hyundai.hr,172.104.242.193,10
hyundai.az,217.14.97.20,24
hyundai.co,82.192.82.226,11
hyundai.gr,167.86.72.52,8
hyundai.com.ec,104.21.89.206,77
hyundai.reviews,209.99.64.52,4
hyundai.hs.kr,221.141.2.54,2
hyundai.me,208.91.197.7,1
hyundai.de,195.252.129.150,257
hyundai.com.au,119.9.17.28,36
hyundai.ee,185.26.50.248,2
hyundai.no,195.225.17.152,26
hyundai.cm,199.59.243.200,24
hyundai.com.uy,172.67.200.252,26
hyundai.ca,203.229.165.232,2
hyundai.ma,79.137.34.55,24
hyundai.com.sa,212.12.170.9,2
hyundai.ch,94.126.16.219,18
hyundai.ec,35.168.65.108,7
hyundai.com.co,103.224.212.222,10
hyundai.or.kr,119.206.195.125,3
hyundai.co.jp,203.229.165.232,2
hyundai.tm,185.26.122.76,14
hyundai.com.ni,104.236.45.191,5
hyundai.ac.kr,119.206.195.125,4
hyundai.co.in,13.234.22.12,10
hyundai.sk,89.185.254.208,35
hyundai.se,104.26.6.73,151
hyundai.pt,195.23.10.244,25
hyundai.ie,104.26.15.157,18
hyundai.com.ar,169.47.28.48,13
hyundai.co.za,156.38.209.242,15
hyundai.hu,81.0.104.240,38
hyundai.pl,185.2.113.87,185
hyundai.com.cn,47.94.12.191,12
hyundai.web.id,103.163.138.27,6
hyundai.kz,86.107.44.21,25
hyundai.nl,52.149.79.14,64
hyundai.ph,40.119.228.232,10
hyundai.co.kr,211.252.131.241,20
hyundai.co.nz,52.65.150.30,20
hyundai.it,185.58.117.196,125
hyundai.lu,188.93.153.56,262
hyundai.ru,109.167.192.55,129
hyundai.tw,3.64.163.50,3
hyundai.cz,185.178.174.6,131
hyundai.be,188.93.153.56,698
hyundai.com,58.87.41.98,336
